[
  {
    "id": 1,
    "username": "mestre0051",
    "email": "devv@test.com",
    "password": "admin123",
    "isAdmin": false,
    "isDeveloper": true,
    "isTester": false,
    "isModerator": false,
    "isVip": false,
    "isBanned": false,
    "bio": "",
    "avatar": "https://api.dicebear.com/7.x/initials/svg?seed=mestre0051",
    "reputation": 0,
    "followers": 0,
    "following": 0,
    "status": "online",
    "theme": "default",
    "socialLinks": {},
    "customTitle": "",
    "customBadge": "supporter",
    "createdAt": "2025-06-17T22:06:07.887Z"
  },
  {
    "id": 2,
    "username": "appolo650",
    "email": "bob@gmail.com",
    "password": "rengoku",
    "isAdmin": false,
    "isDeveloper": false,
    "isTester": false,
    "isModerator": true,
    "isVip": false,
    "isBanned": false,
    "bio": "",
    "avatar": "https://api.dicebear.com/7.x/initials/svg?seed=appolo650",
    "reputation": 3134,
    "followers": 0,
    "following": 0,
    "status": "online",
    "theme": "default",
    "socialLinks": {},
    "customTitle": "od",
    "customBadge": "legend",
    "createdAt": "2025-06-17T22:14:17.307Z"
  }
]